{"cameraMode":{"drawMode":0,"name":"Shaded","section":"Shading Mode"},"sceneLighting":true,"audioPlay":false,"sceneViewState":{"m_AlwaysRefresh":false,"showFog":true,"showSkybox":true,"showFlares":true,"showImageEffects":true,"showParticleSystems":true,"showVisualEffectGraphs":true,"m_FxEnabled":true},"in2DMode":false,"pivot":{"x":10.436363220214844,"y":-21.383119583129884,"z":26.18828773498535},"rotation":{"x":-0.3755203187465668,"y":0.26056191325187685,"z":-0.11087411642074585,"w":-0.8825015425682068},"size":22.231773376464845,"orthographic":false}