{"cameraMode":{"drawMode":0,"name":"Shaded","section":"Shading Mode"},"sceneLighting":true,"audioPlay":false,"sceneViewState":{"m_AlwaysRefresh":false,"showFog":true,"showSkybox":true,"showFlares":true,"showImageEffects":true,"showParticleSystems":true,"showVisualEffectGraphs":true,"m_FxEnabled":false},"in2DMode":false,"pivot":{"x":11.022468566894532,"y":-12.042007446289063,"z":30.31411361694336},"rotation":{"x":-0.26773786544799807,"y":0.19431781768798829,"z":-0.05521928519010544,"w":-0.9420854449272156},"size":21.95089340209961,"orthographic":false}