{"cameraMode":{"drawMode":0,"name":"Shaded","section":"Shading Mode"},"sceneLighting":true,"audioPlay":false,"sceneViewState":{"m_AlwaysRefresh":false,"showFog":true,"showSkybox":true,"showFlares":true,"showImageEffects":true,"showParticleSystems":true,"showVisualEffectGraphs":true,"m_FxEnabled":false},"in2DMode":false,"pivot":{"x":17.77938461303711,"y":-2.0272293090820314,"z":12.993936538696289},"rotation":{"x":0.3906998634338379,"y":-0.009681600145995617,"z":0.004084642045199871,"w":0.9205082058906555},"size":13.181991577148438,"orthographic":false}